﻿tryb;N;czas_s;czas_ms
indeksy;100;0.012;12.0
wskazniki;200;0.018;18.0
indeksy;300;0.025;25.0
wskazniki;400;0.031;31.0
indeksy;500;0.044;44.0
wskazniki;600;0.051;51.0
indeksy;700;0.062;62.0
wskazniki;800;0.073;73.0
indeksy;900;0.084;84.0
wskazniki;1000;0.095;95.0
indeksy;1100;0.107;107.0
wskazniki;1200;0.119;119.0
indeksy;1300;0.132;132.0
wskazniki;1400;0.145;145.0
indeksy;1500;0.158;158.0
wskazniki;1600;0.171;171.0
indeksy;1700;0.184;184.0
wskazniki;1800;0.197;197.0
indeksy;1900;0.21;210.0
wskazniki;2000;0.223;223.0
indeksy;2100;0.237;237.0
wskazniki;2200;0.251;251.0
indeksy;2300;0.266;266.0
indeksy;2500;0.291;291.0
wskazniki;2600;0.304;304.0
indeksy;2700;0.318;318.0
wskazniki;2800;0.332;332.0
indeksy;2900;0.345;345.0
wskazniki;3000;0.359;359.0
indeksy;3100;0.372;372.0
wskazniki;3200;0.386;386.0
indeksy;3300;0.401;401.0
wskazniki;3400;0.416;416.0
indeksy;3500;0.431;431.0
wskazniki;3600;0.446;446.0
indeksy;3700;0.462;462.0
wskazniki;3800;0.476;476.0
indeksy;3900;0.489;489.0
wskazniki;4000;0.503;503.0
indeksy;4100;0.518;518.0
wskazniki;4200;0.532;532.0
indeksy;4300;0.546;546.0
wskazniki;4400;0.561;561.0
indeksy;4500;0.575;575.0
wskazniki;4600;0.589;589.0
indeksy;4700;0.603;603.0
wskazniki;4800;0.618;618.0
indeksy;4900;0.632;632.0
wskazniki;5000;0.647;647.0
